num_workers,batch_size,learning_rate,avg_epoch_time,avg_data_loading_time,avg_compute_time,final_train_loss,final_train_accuracy,final_test_accuracy
4,16,5e-05,136.42633509635925,0.23760561943054198,128.26284685134888,0.43032898837223055,0.7282869481765835,0.5002797314578005
4,16,0.0001,136.32735867500304,0.2353764533996582,128.23755803108216,0.11572472269186376,0.9596129238643634,0.822170716112532
4,16,0.0005,136.43029470443724,0.23911066055297853,128.29359817504883,0.6931593781927039,0.49672104926423544,0.5004795396419437
4,32,5e-05,131.05424513816834,0.13407773971557618,124.66058015823364,0.038318511726142056,0.9878516624040921,0.8690856777493606
4,32,0.0001,131.0996428489685,0.1395716190338135,124.67093768119813,0.04341893403062105,0.9852141943734015,0.8594149616368286
4,32,0.0005,131.0484534740448,0.13655271530151367,124.65290613174439,0.03653306788103173,0.9884510869565217,0.8698449488491049
4,64,5e-05,123.74007105827332,0.08148479461669922,118.85365314483643,0.0296408081812191,0.9894101662404092,0.8839114450127877
4,64,0.0001,123.77133688926696,0.08306007385253907,118.87214660644531,0.037677367405413324,0.9876918158567775,0.8883471867007673
4,64,0.0005,123.76550731658935,0.08190422058105469,118.83653426170349,0.03449080901025721,0.9883312020460358,0.8904251918158568
